Id,Label
33915,July 2013
404107,PARTY!
168855,rap
95897,Music
812906,biggie
230055,Get Ready
232528,Alternative/Pop
681621,New Mix
161801,Eminem
705633,2012
885583,chill
350041,FEEL GOOD
688322,rap
232313,Rap
186558,Pre
963545,80s
36690,Cody
537116,You're Beautiful
169510,Party
534037,thug life
387004,alternitive
483952,boxing
674127,alternative
654899,Mine!
231864,Ho Hey
582681,Hangover
978671,hypeee
737188,Play
958644,F**kin' Problems
950726,Classics
735924,My songs
984677,WORD!
332286,Stuff
71271,Rap
45557,Exercise
839311,wonderwall
910960,top 40
404025,2013
860721,Hayden
435584,Playlist
64928,Oldies
781581,drake
863314,Rock
201814,Crisp
798084,Ho Hey
860864,Driving Playlist
159638,hip hop
706776,Rap
466921,Workout
480206,Ukelele
634411,Stuff
960093,Birthday Party
270077,Thrift Shop - feat. Wanz
567232,Sad Days
187685,Tyga 
781037,Happy Hour
564618,Marching Band
567008,Idk
507385,The Classics
343352,bruno mars
273154,Dog Days
902153,Wedding Playlist
656142,Cinco
682988,ok
646179,Juni 2013
909273,Grad party
90750,Top
201869,popular
952279,bumpin
284683,feelgood
951752,Spin 3
101515,summertime 
736652,THE HITS
683648,Run Run Run
507267,RAP
536208,Baseball :) 
285244,Camp
50601,Dance Songs
852463,Fun
756028,music
203832,Wedding Dance
287904,Chasing Cars
780677,Beast Mode.
90187,90's
406510,Driving
829995,cleaning
406999,Dig
953985,Pumped Up Kicks
101822,Summer Fun
232434,throwback
329259,hits
537354,My Summer Twist Playlist
782714,rock
861238,What. 
434549,running
130993,boo
885028,Trouble
26500,summer 13
962774,Running Mix
682112,2006
747325,beyonce
675594,Gym 1
556454,Easy Listening
766859,Just Give Me a Reason
90528,Running
545885,run
851461,Rise and Shine
53568,Carry On
634191,Soft
101538,boom
734346,GO
218180,Party Time
505694,Good Feeling
863416,transition
581982,Hip-Hop/Rap
435540,2012
202776,Indie/Alt
331801,Grind
259731,wedding dancing
236741,New
359736,Drive By
939415,No Diggity
467757,Lil Wayne
681522,Suggestions 
802638,temp
683067,Oldies
756507,Party
455633,Don't Judge ME
50621,Throwbacks
83264,'Till I Collapse
301721,Wedding
617891,mama
243544,Sarah
185145,misc
50671,Hot Mess
131310,Rec
488064,Olds
884607,Summer Jams
454790,New music
360977,Italy
444717,Mom
895851,Pandora
488287,MD
735502,AmP
406576,Mix it up
475434,FORMAL
492011,America
566905,Throwbackss.
933855,Jammin
839954,Rockin' Out
676488,Get Up!
467172,Dinner
754722,Calm
482695,Music
71689,Partay!
284959,Hi
909193,Rap 
232215,Hippity Hop
781429,Boston
606346,Flashback
922327,Workout
45123,10s
664545,One of those days
737508,80s music
480009,Hipster Music
747562,Varias
878712,summer jams
801021,GP
333614,Pop Songs
800830,GET PUMPED
951046,Rawr
151223,Reunion
130216,Summer Fun
858893,Lifting
939852,Classic Rock
861257,my music
185046,Dance Music
483022,hip hop
832998,Jacob
100913,US
860820,Road Trippin'
17647,Finale
766748,Other
371453,YEAH!
931453,Dance Floor
362471,Freshman Year
384189,Random
987133,Lil wayne
755213,Oldies but Goodies
434217,bbq
951947,Lollapalooza
287210,90's
406981,party
372336,We Found Love
707349,Dance Dance Dance
77020,2013
483705,indie love
483553,Memories
689639,PARTY 1
202490,Mellow
437314,Pump Up Songs
131618,New Years!
963428,Higher
303115,Guilty Pleasure
23821,Good Rap
968982,chocolate
358068,Old Rock
268275,4th of July
435043,Fall 2012
457312,Wake Up
194344,drive
50719,workout
385448,Rap and Hip/Hop
861515,Oldies
747190,My jam
406400,top100
852856,energize
284189,feel.good
435199,pop
371210,Ryan
580152,Dynamite
698961,rap
232627,32
339474,Rock
414309,Sunshine
923487,Classic Rap
821069,cool
704580,Summer 2013
680956,<3
755673,For Kate
657034,Drunk
437019,Lovely
507624,Throwback
634485,chill out
868323,Party
705786,Guilty Pleasures
939781,Buddy
260140,calmness
978970,April
385149,Upbeat
931106,Justin
902793,Party
456650,Wedding Dance Songs
774341,Cleaning Music
465398,Mood Booster
363301,Jam Songs
705834,idk.
624810,rappy
454177,80s
783129,I Need Your Love
384087,Love
99364,indie
920186,Real rap
593694,jay z
536420,Mom's Music
644889,Summer
464228,COD
635292,Hits
85562,New
270472,workout music
630853,newest
319226,ya 
731770,F**kin' Problems
736559,morning mix
338018,motivation
505196,Indie Mix
414221,WORK
187759,Eminem
499879,Trip
931772,HC
68960,Chilllllll
535966,cleaning
369759,POP
850330,Workout
962446,Love songs
231455,Spring 2013
853396,Shower
405033,Rad
53983,Kyle
803982,1990s
232400,Rap
26354,English
323828,Hip Hop
85254,Just Me:)
537134,drive
536100,One Hit Wonders
262448,beats
838126,Summer 13
332182,wedding.tunes.
64731,Current
26254,Throwback
635133,Leggo
535357,Long Drive
143411,spring 2013
879987,whatever
350906,June 2013
263851,Partay
187828,hopeless romantic
231494,Me likey
756138,Winter
593448,study
637936,pop punk
231722,Ain't No Sunshine
437332,Dance
200728,Partayyyy
40152,POP
318471,Old Rock
862986,kendrick lamar
74714,Pop
138637,Training!
406110,spring 2013
607940,Walk Up Songs
838716,Steph
455460,Random Access Memories
285565,Runner
862864,Youth
683261,Pop
537040,random
634540,Classic Rock
635800,Party
131660,Sprung
683050,100
386592,Mix 2
20031,PARTAY
692058,Samantha
557679,Study
108338,Work
922269,Workout
55564,Games
764444,Nelly
968581,Ash 
801488,Spring 2012
71472,dance party. 
17361,After Dinner
984423,March 2013
607091,Summerrrr
674544,Offline
231802,Madison 
387746,Summer
349995,OS
665092,Summer 2013
109782,!?!?!
755916,Summer '13
387891,Summer 2013
869295,90's
705781,Work
250649,Hot
537016,2012-2013
535181,Current
985506,Indie playlist
756163,guitar:)
636108,Warm ups
196950,New Hits
59161,My rock
36369,League of Legends
219507,Popular 
339248,Auto
201356,aaaaaaa
358072,ðŸ˜ðŸ˜ðŸ˜ðŸ˜
18665,70's
831088,Wedding
56042,Party Music
860982,good
86278,Summer Time
737414,Ayye
535632,old rap
261470,music
384988,pregame 
45083,Nice songs
657291,Workout
363823,Random Songs I Like
715374,Chill
939877,Grad Party
33295,June 2013
829879,Good Jams
536895,Music
821479,Good Vibes
515450,good
693722,Kanye
948002,old
546755,Ballin'
318640,80's and 90's
607636,Road Trip!
239986,90's
101393,Hip Hop
333308,Wedding songs
984363,Road Music
338469,2012
185400,Drake
457142,Mine
756068,#throwbacks
655810,Bruno Mars
766774,80's
162061,90s
588116,Run
547933,Let's get weird
832318,a little of everything
666220,HipHop
407353,Sleep
961560,Rap Music
767833,80's
482272,Go for it!
747491,Oldies
168717,Summer 2013
776093,90s
168909,Drive
229150,Wedding DANCE Music
754082,Cool
636627,fun music
361031,Summer
85310,Life is good...
239602,relaxing.
202651,Turnt Up
162764,cool
482484,Workout!
994946,Oldies
436563,i love it
160411,party playlist
546644,Throwback
606262,Reception
119366,RAP
271501,Party
12182,2012
680986,My Jams
801898,<3
535725,Party
371820,Dance Party
605781,Dirty Thirty
963787,Feeling Good
20945,Rock
138998,Set
681371,70's & 80's
788335,Get psyched mix
574084,My Songs
970498,Wedding Dancing
607962,Run
909576,Running
173028,English
303199,Amazing songs! 
232016,Random.
554794,Eminem
581019,shower
153165,Party
404983,90's-00's
61180,Love Songs
823531,Bella (:
414856,Car
506347,spring
132630,Meow
158340,Rap
384002,My music 
963685,Tuneage
900405,Party
879545,Workout
435846,Travel playlist
783880,classic
909182,Alternative
95469,Graduation Party
894239,Happy Songs
949620,Work
754832,dancing
716902,Bromance
138129,Driving
813416,First one
919611,discoteca
456039,Brock
963975,mIdDlE sChOoL dAnCe
168298,90's Mix
776758,mad men
554427,Amazing:)
705000,Great music
301847,hip hop
869262,My Summer Twist Playlist
219936,Hip Hop
995791,Adam
765308,2013
29656,<3
100192,Mellow Music
219912,Dance Mix
557648,2000s
667448,Run Run Run
211587,party
163448,Party Mix
49823,80s Hits
754420,90's
564749,All
675701,Summer
480855,Home
860675,Alternative Rock
823327,PARTAYYY
228077,Jams
581790,alyssa
138605,Summer
151132,RUNRUNRUN
71213,summer '13
483196,Old School
911419,Random good songs
582014,90s Party
330139,New Workout
103490,Random
839464,rap
371168,90s Playlist
833862,Partay
186661,Down
363950,90's-00's
228540,80's Hits
270482,Pumped Up Kicks
371775,R.I.P.
262174,Play
330110,playlist
680513,all
269563,America
505785,Country/Folk
567977,red
302776,Jams
339741,90's
505634,Drugs 
122671,College
783016,get it
118908,Merica
387872,America!
233186,Good music
895413,April
39362,club bangers
414157,Workout1
860128,Classic Rock
184303,Mom
455480,New summer 
284436,Gym
589535,Jana
922667,80s
395611,ratchet
994303,Just Dance
820157,studying
707234,90's
606452,Stephanie 
664957,Old Rap
385573,80's mix
303825,new
555997,Memories
36921,Me like
353953,upbeat 
68677,Freshman
465238,Party
682021,America
187952,Insanity
581041,Country Favorites
454539,POP
153722,! New FAVS
111337,90's
415972,best
995488,Dance music 
233001,food.
339715,Dance Party!
300842,Life Is A Highway
986789,Party 2
197923,Old Skool
385908,The 80's
588189,Timeless 
506445,Party
811322,Housewarming Party
682149,Country
680843,gold
886220,Sunday funday
871436,2000s
536849,ROCK
820693,Bruno Mars
33471,Top 100
23614,Reception
202017,4th of July
130579,CAKE
158574,Classic Hits
99829,Obsessed.
657820,Workout
238358,My Summer Twist Playlist
802913,Oldies
372801,Work
284112,jams
930431,fall 2012
169713,MixTape
995359,Gym
284548,spring has sprung
118846,good stuff.
427241,Drake
201040,Drizzy
474036,Requests
580947,90s
574890,Summer
949342,80's
251615,Fast
168603,90s
131059,Summer
476555,uh
405125,new new new
920717,music
11771,tops
583440,Classics
850709,Dance Party
480583,Pop
370360,Workout 2
342967,<3
149930,Party
482579,stuff
681792,Jams
606168,2013
101679,happy chill
170755,Top
783441,2013
952314,twerkout
952442,Alternative
637778,Dance
109594,NEW MUSIC
360804,MISC
800559,BBQ
85942,Rock
29577,First
169696,Study
860784,Workout Music
61390,Run
56169,Freaks
426444,June 2013
902149,Electric Feel
706214,Eminem
567380,jen
506614,Feelgood
790421,summer 2013
850225,Flashback
258919,springbreak
821696,rap
995213,SUMMERTIME
666372,Dancing
122538,WO
271452,work out
735011,chill
567575,Summa
131472,rap
808997,Just RUN!
637293,cheer
580510,Jamz
436879,Road Trip Playlist
689637,Workout
173152,Party mix
859079,Chill Songs
201274,Summer 2013
50032,happy
574278,Spotify
930147,awsome
656643,Happy Songs
169760,Old school rap
506088,Throwbacks
634190,Coachella 2013
456648,Birthday party
838517,jessica
829838,Workout
657760,baseball
268255,Road Trip Playlist
56942,VEGAS
213134,Good Mood
296719,Happy Songs 
23044,sleepy
162093,i work out. 
707420,90s jamz
208065,OLDIES
978168,Party
243399,Party
352561,country favorites
782703,Wedding Dancing
263318,hip hop
87645,Lake
887867,Rock
789498,summer
605917,Alternative
80786,jamz
74932,playtime
758884,HIP HOP HITS
909475,Christmas Party
939077,Old School
810607,2002
861764,work out
853702,<3;
333742,Summer 2013
302156,For Nicole
959630,"Kendrick Lamar â€“ good kid, m.A.A.d city"
766437,Workout
203015,AGAIN
930228,Run Mix
23408,Summer '13
352365,** HIP HOP & RAP
681076,Back to school :)
20303,Pop
68448,david
637414,90s Playlist
498862,Bass
656975,Nostalgic
505111,Road Trip Playlist
829616,Dance
384093,Party
25122,bb
333208,top 100
959574,Playlist
851293,PRE WEDDING
978131,Playlist
566252,TWERK
263713,party
263448,Nick
64599,Motivation
348307,PreGame
606962,REAL RAP
665719,old school.
303067,Wedding
197957,cool music
690883,Fun Fun Fun
141346,randoms
505797,60's
87299,Padre
319860,up
789651,random
851853,AMERICA
656573,country
588717,west coast
109799,2012
994664,Seattle
350278,Wedding Music
909169,places
95116,Guilty Pleasures
387581,Randomness
581084,Driving
208511,oldies
682104,Sports
599051,New
259320,Awesome
644654,jams
851804,Friday
330162,Summer Festival Playlist
775840,Work
736308,neverland
833627,Amy :)
852314,Road Trip Playlist
699384,My Favorites :)
908476,Shine
444481,Spring 2012
301378,RUNNING
683981,Chill Jams
369562,workout
896666,Otis
194910,Summer 2013
681324,Into The Mystic
466836,Classics
952557,RUN
162240,HaPpY BiRtHdAy! :)
515033,Indie
284100,Relax
506825,Riding Music
801150,Homework
952959,90s
169228,The Heat
252601,90210
483963,Scott
39957,middle school
187096,Wonderwall
195509,Songs to Sing
736138,Vacation
735815,Good Rap
118752,Country
208706,Summer Playlist
272734,Club Music
100849,It's Time
338814,My Music
800948,ratchet 
4692,Old Rap
644851,Ian.
627761,80's mix
302222,Sleepy Time
930317,90s
755521,My Mix
269177,Balance
714008,Awesomeness 
465327,classic rock
698672,90's
187136,country
205466,Winning
378318,Hipster
755556,Jammin
285211,Pool Party
913592,minecraft
168564,Ours
902111,Just for you
53414,Mix
534602,Brunch
574602,Us
102588,Road Trip Playlist
852650,Rock
656163,Retro
85636,workout
581720,13
387358,Valeria
29937,Leaving
789237,80s
232352,Marathon!
260800,Summer 2013
100883,Call Me Maybe
118804,Running
447769,808 
688840,Summer tunes
405952,Rap
912284,Borderlands
757276,rap
59067,middle school jams
871439,Guilty Pleasures
606738,DC
961024,Road Trip Playlist
504419,Wednesday
567228,partay
776378,Old School
546344,Drive
457522,{SWEET 16}
716612,LALALA
108514,Memorial Day
604000,pop
606096,Drake
309907,BBQ
565511,Happy 
40309,love songs
304344,workout
211534,steven
195919,Urban
405164,Gym 
426203,party
203577,Lake
407880,rap
655448,SUMMER
86307,Run
591465,Spring 2013
798236,KESHA
734785,funk
221316,Playlist
168087,Party
838135,80's and 90's
480744,lets get weird
997377,Dance music
791422,Wedding Playlist
359918,'Merica
108239,Chill AF
688631,indie.
634027,BeyoncÃ© 
995316,Music
159886,David 
680243,Summer 2013
444318,New Music
385254,420
218080,top songs 
171812,lunch
152017,Soon
455533,12345
465698,<3
445127,sprang
296490,Birthday!
754456,After Party
130004,Ball 
358487,Yup
363822,Music
547275,Beach Mix
350356,good songs
580541,Blurred Lines
297422,sleeping music 
822420,epic
894713,lol
598704,Started From the Bottom
133333,beets
605224,Mix
360254,Stuff
80140,Feel Good
854241,Other Stuff!
833761,Workout
735033,Eminem - Curtain Call
140246,Favorite Songs
151203,Moms Music
886018,Hi
962410,2000's
544056,Work out
692363,Rihanna
286704,Party Mix
352702,Throw Backs
843626,prom
829911,Chillin
258717,english
77142,Fun
143288,Best of Coldplay
406373,new favs
434668,Dec
767782,Wedding Dance
163885,GHETTO. 
822198,PROM.
555171,Lil Wayne
407707,Old School Rap
614626,rap stuff
735869,Classic Rock
677618,pump up
950962,road trip
239362,today
339282,Nostalgia
480769,Mix 1
40744,Love Songs
681015,The Feel-Good Flavors Playlist
338183,Boston
961772,jammin'
25678,Party Playlist
221062,Classic rock
162704,don't judge me.
220354,end of the world
387268,May
223644,SASSY
102628,Playlist
55194,JOSH
896621,Wedding Jams
886209,Slow Songs
379565,Fiesta
995619,WEdding party!!
869269,tech n9ne
782323,Rap
583209,Private
17896,kathy
45105,BOOTCAMP
210356,Old School
187842,Raw
684772,Shower Time
830016,PARTY
822573,West Coast Swing
168204,Road Trip Playlist
950003,HEART
839720,2012
358288,Summer 2013
860021,Hip Hop
446990,susan
17126,All day 
287244,Bruno
168319,summer 2013
966801,rhcp
555857,School Dance
102609,Random playlist
404908,Wiz Khalifa
582137,relaxing
339453,AWESOME
918922,Newish
606164,Working out
862660,Fun Stuff
33619,Workout
754402,'Merica
692566,Run
133733,Collaboration 
151106,Ruby
884098,Eminem
200019,Dallas
499381,my songs
86759,for the car
71888,EDM Favorites
386703,Workout
100283,now
843412,pregame
607351,Muzik
698881,Sad songs
897957,art
95089,Random Stuff
506652,Summer Festival Playlist
765242,Buzzin
12058,Wrkout
294618,throwback
111635,sing a long
809608,Eminem
350486,90's
261569,English
467319,Wedding
230772,Classic Rock
756099,party
467145,get it
319670,Dance
333519,Love Me
24484,Run
923817,Old Rock
168308,Country
707549,pop songs 
949057,90s
537251,R & B
415224,Carson
131806,Wedding
172506,classics
950791,Summerrrr
783657,New New
77174,80s
35970,Classic Rock
50997,party time
481191,sc
102792,alt nation.
625089,Fourth of July
593324,American Rock
273822,Nelly
476278,Lake house
499985,or
339588,Springtime
913194,New 
